{
  "python": {
    "image": "python:3.12-slim",
    "default_entry": "main.py",
    "run": "python {entry}"
  },
  "node": {
    "image": "node:20-alpine",
    "default_entry": "index.js",
    "run": "node {entry}"
  },
  "php": {
    "image": "php:8.2-cli",
    "default_entry": "index.php",
    "run": "php {entry}"
  },
  "java": {
    "image": "openjdk:21-jdk-slim",
    "default_entry": "Main.java",
    "run": "bash -lc 'javac {entry} && java {classname}'"
  },
  "go": {
    "image": "golang:1.22-alpine",
    "default_entry": "main.go",
    "run": "go run {entry}"
  }
}